"HITId","HITTypeId","Title","Description","Keywords","Reward","CreationTime","MaxAssignments","RequesterAnnotation","AssignmentDurationInSeconds","AutoApprovalDelayInSeconds","Expiration","NumberOfSimilarHITs","LifetimeInSeconds","AssignmentId","WorkerId","AssignmentStatus","AcceptTime","SubmitTime","AutoApprovalTime","ApprovalTime","RejectionTime","RequesterFeedback","WorkTimeInSeconds","LifetimeApprovalRate","Last30DaysApprovalRate","Last7DaysApprovalRate","Answer.FontCondition","Answer.casual","Answer.chic","Answer.classic","Answer.clear","Answer.cool casual","Answer.dandy","Answer.dynamic","Answer.elegant","Answer.gorgeous","Answer.modern","Answer.natural","Answer.pretty","Answer.romantic","Approve","Reject"
"39AYGO6AFFLWMP87UZDPTHO6IAWN62","3CUQ44BBWQA1FDUH4JBNIRC58R8Q6P","Describe fonts","Describe a font in words","quick,fun","$0.01","Fri Oct 23 09:09:51 PDT 2015","200","BatchId:2133982;","300","28800","Fri Oct 30 09:09:51 PDT 2015","","","30IQTZXKAK797SYPKIPJ720XODI0X5","A278NFL4DYN322","Approved","Fri Oct 23 13:36:53 PDT 2015","Fri Oct 23 13:37:25 PDT 2015","Fri Oct 23 21:37:25 PDT 2015","2015-10-24 04:38:07 UTC","","","32","100% (2/2)","100% (2/2)","100% (2/2)","Pacifico, cursive","0","0|1","0","0|1","0","0","0","0","0","0","0","0|1","0|1"
"39AYGO6AFFLWMP87UZDPTHO6IAWN62","3CUQ44BBWQA1FDUH4JBNIRC58R8Q6P","Describe fonts","Describe a font in words","quick,fun","$0.01","Fri Oct 23 09:09:51 PDT 2015","200","BatchId:2133982;","300","28800","Fri Oct 30 09:09:51 PDT 2015","","","30IQTZXKAK797SYPKIPJ720XODQX0A","A3W0C94IQGCJCN","Approved","Fri Oct 23 16:21:10 PDT 2015","Fri Oct 23 16:21:28 PDT 2015","Sat Oct 24 00:21:28 PDT 2015","2015-10-24 07:23:08 UTC","","","18","100% (2/2)","100% (2/2)","100% (2/2)","Waiting for the Sunrise, cursive","0|1","0","0","0","0","0","0","0","0","0","0","0","0"
"39AYGO6AFFLWMP87UZDPTHO6IAWN62","3CUQ44BBWQA1FDUH4JBNIRC58R8Q6P","Describe fonts","Describe a font in words","quick,fun","$0.01","Fri Oct 23 09:09:51 PDT 2015","200","BatchId:2133982;","300","28800","Fri Oct 30 09:09:51 PDT 2015","","","317HQ483I7TF2T11M2RGF49V8VVNID","A31WJIEELT8J5T","Approved","Sat Oct 24 19:06:42 PDT 2015","Sat Oct 24 19:07:19 PDT 2015","Sun Oct 25 03:07:19 PDT 2015","2015-10-25 10:08:07 UTC","","","37","100% (1/1)","100% (1/1)","100% (1/1)","Tangerine, cursive","0","0","0","0","0","0","0","0|1","0","0","0","0|1","0|1"
"39AYGO6AFFLWMP87UZDPTHO6IAWN62","3CUQ44BBWQA1FDUH4JBNIRC58R8Q6P","Describe fonts","Describe a font in words","quick,fun","$0.01","Fri Oct 23 09:09:51 PDT 2015","200","BatchId:2133982;","300","28800","Fri Oct 30 09:09:51 PDT 2015","","","31Z0PCVWUKGG8MPP079VXEPEJYET7Z","A3EIVR2LS7CCWB","Approved","Sat Oct 24 22:05:05 PDT 2015","Sat Oct 24 22:06:11 PDT 2015","Sun Oct 25 06:06:11 PDT 2015","2015-10-25 13:08:10 UTC","","","66","100% (2/2)","100% (2/2)","100% (2/2)","Inconsolata,","0|1","0","0|1","0|1","0","0","0","0","0","0","0","0","0"
"39AYGO6AFFLWMP87UZDPTHO6IAWN62","3CUQ44BBWQA1FDUH4JBNIRC58R8Q6P","Describe fonts","Describe a font in words","quick,fun","$0.01","Fri Oct 23 09:09:51 PDT 2015","200","BatchId:2133982;","300","28800","Fri Oct 30 09:09:51 PDT 2015","","","32RIADZISS5IAZUR996YKX9IQCT4SI","A2MVZ1Z7JJH91Z","Approved","Sat Oct 24 15:04:55 PDT 2015","Sat Oct 24 15:05:09 PDT 2015","Sat Oct 24 23:05:09 PDT 2015","2015-10-25 06:08:07 UTC","","","14","100% (1/1)","100% (1/1)","100% (1/1)","Waiting for the Sunrise, cursive","0|1","0","0|1","0","0","0","0","0","0","0","0","0","0"
"39AYGO6AFFLWMP87UZDPTHO6IAWN62","3CUQ44BBWQA1FDUH4JBNIRC58R8Q6P","Describe fonts","Describe a font in words","quick,fun","$0.01","Fri Oct 23 09:09:51 PDT 2015","200","BatchId:2133982;","300","28800","Fri Oct 30 09:09:51 PDT 2015","","","336YQZE83VFX8NLM3HTMDGGQYKLM5A","A1GR8T8TUTJO00","Approved","Sat Oct 24 21:30:00 PDT 2015","Sat Oct 24 21:30:10 PDT 2015","Sun Oct 25 05:30:10 PDT 2015","2015-10-25 12:33:07 UTC","","","10","100% (6/6)","100% (6/6)","100% (6/6)","Roboto, san serif","0","0","0","0","0","0","0","0","0","0|1","0","0","0"
"39AYGO6AFFLWMP87UZDPTHO6IAWN62","3CUQ44BBWQA1FDUH4JBNIRC58R8Q6P","Describe fonts","Describe a font in words","quick,fun","$0.01","Fri Oct 23 09:09:51 PDT 2015","200","BatchId:2133982;","300","28800","Fri Oct 30 09:09:51 PDT 2015","","","337RC3OW053U0ZIG9WAKH1V0B2AVLZ","A24BPSANAJ1GVF","Approved","Sat Oct 24 13:14:44 PDT 2015","Sat Oct 24 13:15:08 PDT 2015","Sat Oct 24 21:15:08 PDT 2015","2015-10-25 04:18:07 UTC","","","24","100% (2/2)","100% (2/2)","100% (2/2)","Lato, san serif","0|1","0","0","0","0","0","0","0","0","0|1","0","0","0"
"39AYGO6AFFLWMP87UZDPTHO6IAWN62","3CUQ44BBWQA1FDUH4JBNIRC58R8Q6P","Describe fonts","Describe a font in words","quick,fun","$0.01","Fri Oct 23 09:09:51 PDT 2015","200","BatchId:2133982;","300","28800","Fri Oct 30 09:09:51 PDT 2015","","","33C7UALJVLZJZGIZ8THR582E2YO81L","A29ZWSAN07DXPL","Approved","Sat Oct 24 08:09:15 PDT 2015","Sat Oct 24 08:09:51 PDT 2015","Sat Oct 24 16:09:51 PDT 2015","2015-10-24 23:13:07 UTC","","","36","100% (1/1)","100% (1/1)","100% (1/1)","Lobster, cursive","0","0","0|1","0|1","0","0","0","0","0","0","0","0|1","0"
"39AYGO6AFFLWMP87UZDPTHO6IAWN62","3CUQ44BBWQA1FDUH4JBNIRC58R8Q6P","Describe fonts","Describe a font in words","quick,fun","$0.01","Fri Oct 23 09:09:51 PDT 2015","200","BatchId:2133982;","300","28800","Fri Oct 30 09:09:51 PDT 2015","","","33ISQZVXPPN5YMIA52MGOQHOWL2CCL","AOVZEE59U1BM2","Approved","Fri Oct 23 17:09:57 PDT 2015","Fri Oct 23 17:10:39 PDT 2015","Sat Oct 24 01:10:39 PDT 2015","2015-10-24 08:13:07 UTC","","","42","100% (3/3)","100% (3/3)","100% (3/3)","Lobster, cursive","0","0","0","0","0|1","0","0","0","0","0","0","0","0"
"39AYGO6AFFLWMP87UZDPTHO6IAWN62","3CUQ44BBWQA1FDUH4JBNIRC58R8Q6P","Describe fonts","Describe a font in words","quick,fun","$0.01","Fri Oct 23 09:09:51 PDT 2015","200","BatchId:2133982;","300","28800","Fri Oct 30 09:09:51 PDT 2015","","","33M4IA01QG2X7MIOEV8YRY1KX3PRX2","A2LT6IXMOZ87A6","Approved","Fri Oct 23 16:00:49 PDT 2015","Fri Oct 23 16:01:07 PDT 2015","Sat Oct 24 00:01:07 PDT 2015","2015-10-24 07:03:07 UTC","","","18","100% (1/1)","100% (1/1)","100% (1/1)","Lato, san serif","0|1","0","0","0|1","0","0","0","0","0","0|1","0","0","0"
"39AYGO6AFFLWMP87UZDPTHO6IAWN62","3CUQ44BBWQA1FDUH4JBNIRC58R8Q6P","Describe fonts","Describe a font in words","quick,fun","$0.01","Fri Oct 23 09:09:51 PDT 2015","200","BatchId:2133982;","300","28800","Fri Oct 30 09:09:51 PDT 2015","","","34Q075JO1XE1HRDWDP4CCTWWJZG01S","A3NV05Z9GIQ9TH","Approved","Fri Oct 23 18:26:24 PDT 2015","Fri Oct 23 18:27:03 PDT 2015","Sat Oct 24 02:27:03 PDT 2015","2015-10-24 09:28:11 UTC","","","39","100% (1/1)","100% (1/1)","100% (1/1)","Old Standard TT, serif","0","0","0","0|1","0","0","0","0","0","0","0","0","0"
"39AYGO6AFFLWMP87UZDPTHO6IAWN62","3CUQ44BBWQA1FDUH4JBNIRC58R8Q6P","Describe fonts","Describe a font in words","quick,fun","$0.01","Fri Oct 23 09:09:51 PDT 2015","200","BatchId:2133982;","300","28800","Fri Oct 30 09:09:51 PDT 2015","","","34QN5IT0TZSJSRXHCADRR3J4X7O08I","A1LIJDLQHS5AOO","Approved","Sat Oct 24 22:25:17 PDT 2015","Sat Oct 24 22:25:35 PDT 2015","Sun Oct 25 06:25:35 PDT 2015","2015-10-25 13:28:10 UTC","","","18","100% (4/4)","100% (4/4)","100% (4/4)","Monoton, cursive","0","0","0","0","0|1","0","0","0|1","0","0|1","0","0","0"
"39AYGO6AFFLWMP87UZDPTHO6IAWN62","3CUQ44BBWQA1FDUH4JBNIRC58R8Q6P","Describe fonts","Describe a font in words","quick,fun","$0.01","Fri Oct 23 09:09:51 PDT 2015","200","BatchId:2133982;","300","28800","Fri Oct 30 09:09:51 PDT 2015","","","35GCEFQ6I5PUTFX14NVN6LEFZQDZ3B","A1X5XC31BDVYKZ","Approved","Fri Oct 23 18:36:50 PDT 2015","Fri Oct 23 18:37:12 PDT 2015","Sat Oct 24 02:37:12 PDT 2015","2015-10-24 09:38:07 UTC","","","22","100% (1/1)","100% (1/1)","100% (1/1)","Roboto, san serif","0","0","0","0","0","0","0","0","0","0|1","0","0","0"
"39AYGO6AFFLWMP87UZDPTHO6IAWN62","3CUQ44BBWQA1FDUH4JBNIRC58R8Q6P","Describe fonts","Describe a font in words","quick,fun","$0.01","Fri Oct 23 09:09:51 PDT 2015","200","BatchId:2133982;","300","28800","Fri Oct 30 09:09:51 PDT 2015","","","35GMH2SV3EIL49ZRRY129EB86D5OEY","AJAZ6PWRHH6D8","Approved","Sun Oct 25 00:09:53 PDT 2015","Sun Oct 25 00:10:12 PDT 2015","Sun Oct 25 08:10:12 PDT 2015","2015-10-25 15:13:10 UTC","","","19","100% (2/2)","100% (2/2)","100% (2/2)","Inconsolata,","0|1","0","0","0","0","0","0","0|1","0","0|1","0","0","0"
"39AYGO6AFFLWMP87UZDPTHO6IAWN62","3CUQ44BBWQA1FDUH4JBNIRC58R8Q6P","Describe fonts","Describe a font in words","quick,fun","$0.01","Fri Oct 23 09:09:51 PDT 2015","200","BatchId:2133982;","300","28800","Fri Oct 30 09:09:51 PDT 2015","","","36V4Q8R5ZK1M194KN9HPBRBHUD4MQD","A34930YXVQ8SUT","Approved","Fri Oct 23 15:52:19 PDT 2015","Fri Oct 23 15:52:48 PDT 2015","Fri Oct 23 23:52:48 PDT 2015","2015-10-24 06:53:07 UTC","","","29","100% (1/1)","100% (1/1)","100% (1/1)","Merriweather, serif","0","0|1","0","0|1","0","0","0","0|1","0","0|1","0","0","0"
"39AYGO6AFFLWMP87UZDPTHO6IAWN62","3CUQ44BBWQA1FDUH4JBNIRC58R8Q6P","Describe fonts","Describe a font in words","quick,fun","$0.01","Fri Oct 23 09:09:51 PDT 2015","200","BatchId:2133982;","300","28800","Fri Oct 30 09:09:51 PDT 2015","","","37TD41K0AHAL53762OCG3VL6IO2SC9","AXS9LTZ30XHO9","Approved","Fri Oct 23 22:57:39 PDT 2015","Fri Oct 23 22:58:03 PDT 2015","Sat Oct 24 06:58:03 PDT 2015","2015-10-24 13:58:08 UTC","","","24","100% (1/1)","100% (1/1)","100% (1/1)","Pacifico, cursive","0","0","0|1","0","0","0","0","0","0","0|1","0","0|1","0|1"
"39AYGO6AFFLWMP87UZDPTHO6IAWN62","3CUQ44BBWQA1FDUH4JBNIRC58R8Q6P","Describe fonts","Describe a font in words","quick,fun","$0.01","Fri Oct 23 09:09:51 PDT 2015","200","BatchId:2133982;","300","28800","Fri Oct 30 09:09:51 PDT 2015","","","37U1UTWH9VN7SLHG6NW6BZKR6V8R8O","A2VB70ZA38Z0TA","Approved","Sat Oct 24 05:41:50 PDT 2015","Sat Oct 24 05:42:03 PDT 2015","Sat Oct 24 13:42:03 PDT 2015","2015-10-24 20:43:08 UTC","","","13","100% (1/1)","100% (1/1)","100% (1/1)","Lato, san serif","0|1","0","0|1","0|1","0","0","0","0","0","0","0|1","0","0"
"39AYGO6AFFLWMP87UZDPTHO6IAWN62","3CUQ44BBWQA1FDUH4JBNIRC58R8Q6P","Describe fonts","Describe a font in words","quick,fun","$0.01","Fri Oct 23 09:09:51 PDT 2015","200","BatchId:2133982;","300","28800","Fri Oct 30 09:09:51 PDT 2015","","","38JBBYETQOBH0GP98EMTVG53PL14EY","A39UCPV2WKMG54","Approved","Sat Oct 24 10:09:02 PDT 2015","Sat Oct 24 10:09:20 PDT 2015","Sat Oct 24 18:09:20 PDT 2015","2015-10-25 01:13:09 UTC","","","18","100% (2/2)","100% (2/2)","100% (2/2)","Old Standard TT, serif","0|1","0","0","0|1","0","0","0","0","0","0","0","0","0"
"39AYGO6AFFLWMP87UZDPTHO6IAWN62","3CUQ44BBWQA1FDUH4JBNIRC58R8Q6P","Describe fonts","Describe a font in words","quick,fun","$0.01","Fri Oct 23 09:09:51 PDT 2015","200","BatchId:2133982;","300","28800","Fri Oct 30 09:09:51 PDT 2015","","","39GXDJN2OTFZLSYXF71GCW9UR17V87","A7E3FH32S3DK4","Approved","Fri Oct 23 21:06:28 PDT 2015","Fri Oct 23 21:06:53 PDT 2015","Sat Oct 24 05:06:53 PDT 2015","2015-10-24 12:08:08 UTC","","","25","100% (1/1)","100% (1/1)","100% (1/1)","Pacifico, cursive","0","0|1","0","0|1","0|1","0|1","0","0","0","0","0","0|1","0"
"39AYGO6AFFLWMP87UZDPTHO6IAWN62","3CUQ44BBWQA1FDUH4JBNIRC58R8Q6P","Describe fonts","Describe a font in words","quick,fun","$0.01","Fri Oct 23 09:09:51 PDT 2015","200","BatchId:2133982;","300","28800","Fri Oct 30 09:09:51 PDT 2015","","","39JEC7537U21XVOAWJHLEI5DHRVVCE","A36XBJ11XG5IKT","Approved","Fri Oct 23 11:41:23 PDT 2015","Fri Oct 23 11:41:50 PDT 2015","Fri Oct 23 19:41:50 PDT 2015","2015-10-24 02:43:10 UTC","","","27","100% (2/2)","100% (2/2)","100% (2/2)","Monoton, cursive","0","0","0","0","0|1","0","0","0","0","0","0","0","0"
"39AYGO6AFFLWMP87UZDPTHO6IAWN62","3CUQ44BBWQA1FDUH4JBNIRC58R8Q6P","Describe fonts","Describe a font in words","quick,fun","$0.01","Fri Oct 23 09:09:51 PDT 2015","200","BatchId:2133982;","300","28800","Fri Oct 30 09:09:51 PDT 2015","","","39LNWE0K4UXSXJLAJ332TZ1PGQVIU5","ADAP5JXC5K87G","Approved","Fri Oct 23 18:26:50 PDT 2015","Fri Oct 23 18:27:10 PDT 2015","Sat Oct 24 02:27:10 PDT 2015","2015-10-24 09:28:11 UTC","","","20","100% (1/1)","100% (1/1)","100% (1/1)","Open Sans, san serif","0|1","0","0|1","0|1","0","0","0","0","0","0","0|1","0","0"
"39AYGO6AFFLWMP87UZDPTHO6IAWN62","3CUQ44BBWQA1FDUH4JBNIRC58R8Q6P","Describe fonts","Describe a font in words","quick,fun","$0.01","Fri Oct 23 09:09:51 PDT 2015","200","BatchId:2133982;","300","28800","Fri Oct 30 09:09:51 PDT 2015","","","39LOEL67OS6F9JWEVXVAT1HB0H883H","ARBA51QC65T26","Approved","Fri Oct 23 19:14:53 PDT 2015","Fri Oct 23 19:14:59 PDT 2015","Sat Oct 24 03:14:59 PDT 2015","2015-10-24 10:18:07 UTC","","","6","100% (1/1)","100% (1/1)","100% (1/1)","Lobster, cursive","0","0","0","0|1","0","0","0","0","0","0","0","0","0"
"39AYGO6AFFLWMP87UZDPTHO6IAWN62","3CUQ44BBWQA1FDUH4JBNIRC58R8Q6P","Describe fonts","Describe a font in words","quick,fun","$0.01","Fri Oct 23 09:09:51 PDT 2015","200","BatchId:2133982;","300","28800","Fri Oct 30 09:09:51 PDT 2015","","","39N5ACM9HEOMUDKBYNYV60FNPIRP96","A3CDCAA7ZBXQRP","Approved","Fri Oct 23 11:34:21 PDT 2015","Fri Oct 23 11:34:31 PDT 2015","Fri Oct 23 19:34:31 PDT 2015","2015-10-24 02:38:08 UTC","","","10","100% (3/3)","100% (3/3)","100% (3/3)","Inconsolata,","0","0","0","0|1","0|1","0","0|1","0","0","0|1","0","0","0"
"39AYGO6AFFLWMP87UZDPTHO6IAWN62","3CUQ44BBWQA1FDUH4JBNIRC58R8Q6P","Describe fonts","Describe a font in words","quick,fun","$0.01","Fri Oct 23 09:09:51 PDT 2015","200","BatchId:2133982;","300","28800","Fri Oct 30 09:09:51 PDT 2015","","","39OWYR0EPKSP413PSWU6TNUAWOIFYH","A2OAVIT7BRJD1J","Approved","Sat Oct 24 23:33:06 PDT 2015","Sat Oct 24 23:33:18 PDT 2015","Sun Oct 25 07:33:18 PDT 2015","2015-10-25 14:38:12 UTC","","","12","100% (2/2)","100% (2/2)","100% (2/2)","Roboto, san serif","0|1","0","0","0","0","0","0|1","0","0","0|1","0","0","0"
"39AYGO6AFFLWMP87UZDPTHO6IAWN62","3CUQ44BBWQA1FDUH4JBNIRC58R8Q6P","Describe fonts","Describe a font in words","quick,fun","$0.01","Fri Oct 23 09:09:51 PDT 2015","200","BatchId:2133982;","300","28800","Fri Oct 30 09:09:51 PDT 2015","","","39ZSFO5CA8XOSU5G1LO250GPT61JU1","A1M8FATTZ2D8FM","Approved","Sat Oct 24 14:27:48 PDT 2015","Sat Oct 24 14:28:27 PDT 2015","Sat Oct 24 22:28:27 PDT 2015","2015-10-25 05:33:07 UTC","","","39","100% (1/1)","100% (1/1)","100% (1/1)","Pacifico, cursive","0|1","0","0","0","0","0","0|1","0","0","0","0","0","0|1"
"39AYGO6AFFLWMP87UZDPTHO6IAWN62","3CUQ44BBWQA1FDUH4JBNIRC58R8Q6P","Describe fonts","Describe a font in words","quick,fun","$0.01","Fri Oct 23 09:09:51 PDT 2015","200","BatchId:2133982;","300","28800","Fri Oct 30 09:09:51 PDT 2015","","","3A1PQ49WVHICSRJSBXBXILVD5I51HM","A37UK7DHGS6B9E","Submitted","Sun Oct 25 07:50:02 PDT 2015","Sun Oct 25 07:50:23 PDT 2015","Sun Oct 25 15:50:23 PDT 2015","","","","21","0% (0/0)","0% (0/0)","0% (0/0)","Lato, san serif","0|1","0","0|1","0|1","0","0","0","0|1","0","0","0|1","0|1","0"
"39AYGO6AFFLWMP87UZDPTHO6IAWN62","3CUQ44BBWQA1FDUH4JBNIRC58R8Q6P","Describe fonts","Describe a font in words","quick,fun","$0.01","Fri Oct 23 09:09:51 PDT 2015","200","BatchId:2133982;","300","28800","Fri Oct 30 09:09:51 PDT 2015","","","3A4TN5196KJWFUTQRU0HZHE49FQHCM","A3VURMEKHPIATF","Submitted","Sun Oct 25 06:01:15 PDT 2015","Sun Oct 25 06:01:24 PDT 2015","Sun Oct 25 14:01:24 PDT 2015","","","","9","0% (0/0)","0% (0/0)","0% (0/0)","Open Sans, san serif","0","0","0","0|1","0","0","0","0","0","0","0|1","0","0"
"39AYGO6AFFLWMP87UZDPTHO6IAWN62","3CUQ44BBWQA1FDUH4JBNIRC58R8Q6P","Describe fonts","Describe a font in words","quick,fun","$0.01","Fri Oct 23 09:09:51 PDT 2015","200","BatchId:2133982;","300","28800","Fri Oct 30 09:09:51 PDT 2015","","","3AAPLD8UCCID1BV1DGV7ORE8XZ4THR","A2JSVCOSCUHJYE","Approved","Sat Oct 24 07:52:20 PDT 2015","Sat Oct 24 07:52:25 PDT 2015","Sat Oct 24 15:52:25 PDT 2015","2015-10-24 22:53:07 UTC","","","5","100% (1/1)","100% (1/1)","100% (1/1)","Pacifico, cursive","0|1","0","0","0","0","0","0","0","0","0","0","0","0"
"39AYGO6AFFLWMP87UZDPTHO6IAWN62","3CUQ44BBWQA1FDUH4JBNIRC58R8Q6P","Describe fonts","Describe a font in words","quick,fun","$0.01","Fri Oct 23 09:09:51 PDT 2015","200","BatchId:2133982;","300","28800","Fri Oct 30 09:09:51 PDT 2015","","","3AMYWKA6YBNHRU6CLGI4XQJVPFTO6P","A1Y7JQGP64X6RI","Submitted","Sun Oct 25 06:32:25 PDT 2015","Sun Oct 25 06:32:53 PDT 2015","Sun Oct 25 14:32:53 PDT 2015","","","","28","0% (0/0)","0% (0/0)","0% (0/0)","Tangerine, cursive","0","0","0","0","0","0","0","0|1","0","0","0","0|1","0|1"
"39AYGO6AFFLWMP87UZDPTHO6IAWN62","3CUQ44BBWQA1FDUH4JBNIRC58R8Q6P","Describe fonts","Describe a font in words","quick,fun","$0.01","Fri Oct 23 09:09:51 PDT 2015","200","BatchId:2133982;","300","28800","Fri Oct 30 09:09:51 PDT 2015","","","3ATTHHXXWAPKENF5O8EPD60TA7IXIG","AIUKV0KVALMY6","Approved","Fri Oct 23 11:05:17 PDT 2015","Fri Oct 23 11:05:33 PDT 2015","Fri Oct 23 19:05:33 PDT 2015","2015-10-24 02:08:09 UTC","","","16","100% (1/1)","100% (1/1)","100% (1/1)","Tangerine, cursive","0|1","0|1","0|1","0","0","0","0|1","0|1","0|1","0","0","0|1","0|1"
"39AYGO6AFFLWMP87UZDPTHO6IAWN62","3CUQ44BBWQA1FDUH4JBNIRC58R8Q6P","Describe fonts","Describe a font in words","quick,fun","$0.01","Fri Oct 23 09:09:51 PDT 2015","200","BatchId:2133982;","300","28800","Fri Oct 30 09:09:51 PDT 2015","","","3B3WTRP3DB3Q26J5WPNJAN7UEB729A","A2ELPZKPDSLAVT","Submitted","Sun Oct 25 06:45:26 PDT 2015","Sun Oct 25 06:45:45 PDT 2015","Sun Oct 25 14:45:45 PDT 2015","","","","19","0% (0/0)","0% (0/0)","0% (0/0)","Inconsolata,","0","0","0|1","0","0","0","0","0","0","0","0","0","0"
"39AYGO6AFFLWMP87UZDPTHO6IAWN62","3CUQ44BBWQA1FDUH4JBNIRC58R8Q6P","Describe fonts","Describe a font in words","quick,fun","$0.01","Fri Oct 23 09:09:51 PDT 2015","200","BatchId:2133982;","300","28800","Fri Oct 30 09:09:51 PDT 2015","","","3D4CH1LGEAUGH0RCV488CR1VOS4G9V","AA90GOYL2MEHS","Approved","Fri Oct 23 21:57:04 PDT 2015","Fri Oct 23 21:57:20 PDT 2015","Sat Oct 24 05:57:20 PDT 2015","2015-10-24 12:58:08 UTC","","","16","100% (2/2)","100% (2/2)","100% (2/2)","Merriweather, serif","0","0","0|1","0|1","0","0","0","0","0","0","0","0","0"
"39AYGO6AFFLWMP87UZDPTHO6IAWN62","3CUQ44BBWQA1FDUH4JBNIRC58R8Q6P","Describe fonts","Describe a font in words","quick,fun","$0.01","Fri Oct 23 09:09:51 PDT 2015","200","BatchId:2133982;","300","28800","Fri Oct 30 09:09:51 PDT 2015","","","3DH6GAKTYYQV9IUPT8ODWFAS8RIZYR","A222I7BXW6M0PW","Approved","Fri Oct 23 21:48:47 PDT 2015","Fri Oct 23 21:49:17 PDT 2015","Sat Oct 24 05:49:17 PDT 2015","2015-10-24 12:53:07 UTC","","","30","100% (3/3)","100% (3/3)","100% (3/3)","Lobster, cursive","0|1","0","0","0","0","0","0","0","0","0|1","0","0","0"
"39AYGO6AFFLWMP87UZDPTHO6IAWN62","3CUQ44BBWQA1FDUH4JBNIRC58R8Q6P","Describe fonts","Describe a font in words","quick,fun","$0.01","Fri Oct 23 09:09:51 PDT 2015","200","BatchId:2133982;","300","28800","Fri Oct 30 09:09:51 PDT 2015","","","3E4GGUZ1T8SAJ22W0ME80WLAP4SK2T","A2MKMF4OO3C1J9","Approved","Sat Oct 24 18:30:33 PDT 2015","Sat Oct 24 18:30:53 PDT 2015","Sun Oct 25 02:30:53 PDT 2015","2015-10-25 09:33:07 UTC","","","20","100% (1/1)","100% (1/1)","100% (1/1)","Merriweather, serif","0","0","0|1","0|1","0","0","0","0","0","0|1","0|1","0","0"
"39AYGO6AFFLWMP87UZDPTHO6IAWN62","3CUQ44BBWQA1FDUH4JBNIRC58R8Q6P","Describe fonts","Describe a font in words","quick,fun","$0.01","Fri Oct 23 09:09:51 PDT 2015","200","BatchId:2133982;","300","28800","Fri Oct 30 09:09:51 PDT 2015","","","3EFVCAY5L3AQUXY3YINX98Y0WF8J8K","A2EWBU78NM2XY5","Approved","Sat Oct 24 14:13:06 PDT 2015","Sat Oct 24 14:13:37 PDT 2015","Sat Oct 24 22:13:37 PDT 2015","2015-10-25 05:18:11 UTC","","","31","100% (1/1)","100% (1/1)","100% (1/1)","Lato, san serif","0","0","0","0|1","0","0","0","0","0","0","0","0","0"
"39AYGO6AFFLWMP87UZDPTHO6IAWN62","3CUQ44BBWQA1FDUH4JBNIRC58R8Q6P","Describe fonts","Describe a font in words","quick,fun","$0.01","Fri Oct 23 09:09:51 PDT 2015","200","BatchId:2133982;","300","28800","Fri Oct 30 09:09:51 PDT 2015","","","3EG49X351UD4L3K4M750G3AO1HD6XN","A20NDRGSZZRQF","Approved","Fri Oct 23 16:17:03 PDT 2015","Fri Oct 23 16:17:21 PDT 2015","Sat Oct 24 00:17:21 PDT 2015","2015-10-24 07:18:08 UTC","","","18","100% (5/5)","100% (5/5)","100% (5/5)","Pacifico, cursive","0","0","0|1","0|1","0","0","0","0","0","0","0|1","0|1","0"
"39AYGO6AFFLWMP87UZDPTHO6IAWN62","3CUQ44BBWQA1FDUH4JBNIRC58R8Q6P","Describe fonts","Describe a font in words","quick,fun","$0.01","Fri Oct 23 09:09:51 PDT 2015","200","BatchId:2133982;","300","28800","Fri Oct 30 09:09:51 PDT 2015","","","3EWIJTFFVO801S78PDZRJDFQ88X0EO","ACN8N7V5QNSSS","Approved","Fri Oct 23 22:59:02 PDT 2015","Fri Oct 23 22:59:30 PDT 2015","Sat Oct 24 06:59:30 PDT 2015","2015-10-24 14:03:09 UTC","","","28","100% (2/2)","100% (2/2)","100% (2/2)","Tangerine, cursive","0","0","0|1","0","0|1","0","0|1","0","0","0|1","0","0|1","0|1"
"39AYGO6AFFLWMP87UZDPTHO6IAWN62","3CUQ44BBWQA1FDUH4JBNIRC58R8Q6P","Describe fonts","Describe a font in words","quick,fun","$0.01","Fri Oct 23 09:09:51 PDT 2015","200","BatchId:2133982;","300","28800","Fri Oct 30 09:09:51 PDT 2015","","","3F0BG9B9MPOCP8OJADWU5VHTYXW7YW","A3G9I7FLRK2TQQ","Approved","Fri Oct 23 10:20:55 PDT 2015","Fri Oct 23 10:21:23 PDT 2015","Fri Oct 23 18:21:23 PDT 2015","2015-10-24 01:23:09 UTC","","","28","100% (2/2)","100% (2/2)","100% (2/2)","Open Sans, san serif","0|1","0","0","0|1","0","0","0","0","0","0|1","0","0","0"
"39AYGO6AFFLWMP87UZDPTHO6IAWN62","3CUQ44BBWQA1FDUH4JBNIRC58R8Q6P","Describe fonts","Describe a font in words","quick,fun","$0.01","Fri Oct 23 09:09:51 PDT 2015","200","BatchId:2133982;","300","28800","Fri Oct 30 09:09:51 PDT 2015","","","3F1567XTNW67UPLQY0DK655XUHNQ9E","A2EJ06OGI9671Q","Submitted","Sun Oct 25 07:16:50 PDT 2015","Sun Oct 25 07:17:06 PDT 2015","Sun Oct 25 15:17:06 PDT 2015","","","","16","0% (0/0)","0% (0/0)","0% (0/0)","Merriweather, serif","0|1","0","0|1","0|1","0","0","0","0","0","0","0|1","0","0"
"39AYGO6AFFLWMP87UZDPTHO6IAWN62","3CUQ44BBWQA1FDUH4JBNIRC58R8Q6P","Describe fonts","Describe a font in words","quick,fun","$0.01","Fri Oct 23 09:09:51 PDT 2015","200","BatchId:2133982;","300","28800","Fri Oct 30 09:09:51 PDT 2015","","","3F6HPJW4JD11E2WDP0XBO7F5CCE2WM","A2122A7BZNUWXO","Approved","Sat Oct 24 23:56:10 PDT 2015","Sat Oct 24 23:56:36 PDT 2015","Sun Oct 25 07:56:36 PDT 2015","2015-10-25 14:58:10 UTC","","","26","100% (1/1)","100% (1/1)","100% (1/1)","Tangerine, cursive","0|1","0","0","0|1","0","0","0","0","0","0","0","0","0"
"39AYGO6AFFLWMP87UZDPTHO6IAWN62","3CUQ44BBWQA1FDUH4JBNIRC58R8Q6P","Describe fonts","Describe a font in words","quick,fun","$0.01","Fri Oct 23 09:09:51 PDT 2015","200","BatchId:2133982;","300","28800","Fri Oct 30 09:09:51 PDT 2015","","","3GNA64GUZE5OT2JEVA03UP0V8IJ5QB","AA0N2VT19BJFG","Approved","Fri Oct 23 10:05:18 PDT 2015","Fri Oct 23 10:05:36 PDT 2015","Fri Oct 23 18:05:36 PDT 2015","2015-10-24 01:08:09 UTC","","","18","100% (1/1)","100% (1/1)","100% (1/1)","Old Standard TT, serif","0|1","0","0|1","0|1","0","0","0","0","0","0","0|1","0","0"
"39AYGO6AFFLWMP87UZDPTHO6IAWN62","3CUQ44BBWQA1FDUH4JBNIRC58R8Q6P","Describe fonts","Describe a font in words","quick,fun","$0.01","Fri Oct 23 09:09:51 PDT 2015","200","BatchId:2133982;","300","28800","Fri Oct 30 09:09:51 PDT 2015","","","3GNCZX450IO0ZWUGQTCV2VQ7V3JPA1","A1YVXCPKUK2MPR","Submitted","Sun Oct 25 07:03:16 PDT 2015","Sun Oct 25 07:03:52 PDT 2015","Sun Oct 25 15:03:52 PDT 2015","","","","36","0% (0/0)","0% (0/0)","0% (0/0)","Monoton, cursive","0|1","0","0","0|1","0|1","0","0|1","0","0","0|1","0","0","0"
"39AYGO6AFFLWMP87UZDPTHO6IAWN62","3CUQ44BBWQA1FDUH4JBNIRC58R8Q6P","Describe fonts","Describe a font in words","quick,fun","$0.01","Fri Oct 23 09:09:51 PDT 2015","200","BatchId:2133982;","300","28800","Fri Oct 30 09:09:51 PDT 2015","","","3HL8HNGX452A30VHKK2QU61JND39FO","A325D4P7OZ6J82","Approved","Fri Oct 23 21:52:10 PDT 2015","Fri Oct 23 21:54:09 PDT 2015","Sat Oct 24 05:54:09 PDT 2015","2015-10-24 12:58:08 UTC","","","119","100% (2/2)","100% (2/2)","100% (2/2)","{}","0","0","0","0","0","0","0","0","0","0|1","0","0","0"
"39AYGO6AFFLWMP87UZDPTHO6IAWN62","3CUQ44BBWQA1FDUH4JBNIRC58R8Q6P","Describe fonts","Describe a font in words","quick,fun","$0.01","Fri Oct 23 09:09:51 PDT 2015","200","BatchId:2133982;","300","28800","Fri Oct 30 09:09:51 PDT 2015","","","3HVVDCPGTETZN6LQNGZVAR9BNW2TYD","AM3GWZI3XJMD9","Approved","Sat Oct 24 14:10:54 PDT 2015","Sat Oct 24 14:11:07 PDT 2015","Sat Oct 24 22:11:07 PDT 2015","2015-10-25 05:13:16 UTC","","","13","100% (1/1)","100% (1/1)","100% (1/1)","Merriweather, serif","0","0","0|1","0","0","0","0","0|1","0","0|1","0","0","0"
"39AYGO6AFFLWMP87UZDPTHO6IAWN62","3CUQ44BBWQA1FDUH4JBNIRC58R8Q6P","Describe fonts","Describe a font in words","quick,fun","$0.01","Fri Oct 23 09:09:51 PDT 2015","200","BatchId:2133982;","300","28800","Fri Oct 30 09:09:51 PDT 2015","","","3I2PTA7R3TVRBL4H2X49WEJD5BBQKK","A1Y3PSVSU557SW","Approved","Sat Oct 24 20:40:46 PDT 2015","Sat Oct 24 20:41:11 PDT 2015","Sun Oct 25 04:41:11 PDT 2015","2015-10-25 11:43:07 UTC","","","25","100% (2/2)","100% (2/2)","100% (2/2)","Old Standard TT, serif","0","0","0|1","0|1","0|1","0","0","0","0","0","0|1","0|1","0"
"39AYGO6AFFLWMP87UZDPTHO6IAWN62","3CUQ44BBWQA1FDUH4JBNIRC58R8Q6P","Describe fonts","Describe a font in words","quick,fun","$0.01","Fri Oct 23 09:09:51 PDT 2015","200","BatchId:2133982;","300","28800","Fri Oct 30 09:09:51 PDT 2015","","","3IX2EGZR7BKWC2DZXRTX0PT5M6URJ0","A1A76U56BNERB9","Approved","Sat Oct 24 00:04:46 PDT 2015","Sat Oct 24 00:05:19 PDT 2015","Sat Oct 24 08:05:19 PDT 2015","2015-10-24 15:08:07 UTC","","","33","100% (3/3)","100% (3/3)","100% (3/3)","Monoton, cursive","0","0","0","0","0|1","0","0","0","0","0","0","0","0"
"39AYGO6AFFLWMP87UZDPTHO6IAWN62","3CUQ44BBWQA1FDUH4JBNIRC58R8Q6P","Describe fonts","Describe a font in words","quick,fun","$0.01","Fri Oct 23 09:09:51 PDT 2015","200","BatchId:2133982;","300","28800","Fri Oct 30 09:09:51 PDT 2015","","","3KRVW3HTZNMYEPJXFD6U6RQIC3HSM4","A1T8FIJWKBGHQW","Approved","Sat Oct 24 16:23:28 PDT 2015","Sat Oct 24 16:24:38 PDT 2015","Sun Oct 25 00:24:38 PDT 2015","2015-10-25 07:28:12 UTC","","","70","100% (1/1)","100% (1/1)","100% (1/1)","Old Standard TT, serif","0","0","0|1","0","0","0","0","0","0","0","0","0","0"
"39AYGO6AFFLWMP87UZDPTHO6IAWN62","3CUQ44BBWQA1FDUH4JBNIRC58R8Q6P","Describe fonts","Describe a font in words","quick,fun","$0.01","Fri Oct 23 09:09:51 PDT 2015","200","BatchId:2133982;","300","28800","Fri Oct 30 09:09:51 PDT 2015","","","3L4D84MILZTJN8ZW1MH3MLRZZZJHJK","A2ZF8OC8TLDNLV","Approved","Sat Oct 24 21:52:48 PDT 2015","Sat Oct 24 21:53:12 PDT 2015","Sun Oct 25 05:53:12 PDT 2015","2015-10-25 12:58:11 UTC","","","24","100% (2/2)","100% (2/2)","100% (2/2)","Tangerine, cursive","0","0","0","0|1","0","0","0","0|1","0","0","0","0|1","0|1"
"39AYGO6AFFLWMP87UZDPTHO6IAWN62","3CUQ44BBWQA1FDUH4JBNIRC58R8Q6P","Describe fonts","Describe a font in words","quick,fun","$0.01","Fri Oct 23 09:09:51 PDT 2015","200","BatchId:2133982;","300","28800","Fri Oct 30 09:09:51 PDT 2015","","","3LBXNTKX0RWR3MM2KE8C0D1QRHUX9W","A3RIPKAXI3E270","Approved","Fri Oct 23 10:56:24 PDT 2015","Fri Oct 23 10:56:50 PDT 2015","Fri Oct 23 18:56:50 PDT 2015","2015-10-24 01:58:07 UTC","","","26","100% (2/2)","100% (2/2)","100% (2/2)","Roboto, san serif","0|1","0","0","0","0","0","0","0","0","0","0","0","0"
"39AYGO6AFFLWMP87UZDPTHO6IAWN62","3CUQ44BBWQA1FDUH4JBNIRC58R8Q6P","Describe fonts","Describe a font in words","quick,fun","$0.01","Fri Oct 23 09:09:51 PDT 2015","200","BatchId:2133982;","300","28800","Fri Oct 30 09:09:51 PDT 2015","","","3LEP4MGT3G1WT9WIRYLWXCTOZ17DBA","A3P5BJ1GA3NLBY","Approved","Sat Oct 24 18:27:38 PDT 2015","Sat Oct 24 18:28:12 PDT 2015","Sun Oct 25 02:28:12 PDT 2015","2015-10-25 09:33:07 UTC","","","34","100% (1/1)","100% (1/1)","100% (1/1)","Monoton, cursive","0","0","0","0","0","0","0","0","0","0|1","0","0","0"
"39AYGO6AFFLWMP87UZDPTHO6IAWN62","3CUQ44BBWQA1FDUH4JBNIRC58R8Q6P","Describe fonts","Describe a font in words","quick,fun","$0.01","Fri Oct 23 09:09:51 PDT 2015","200","BatchId:2133982;","300","28800","Fri Oct 30 09:09:51 PDT 2015","","","3LOTDFNYA70LFW8PDVCI8Q9ULFNWF2","A25E2GLVMTO5N","Approved","Sat Oct 24 12:16:03 PDT 2015","Sat Oct 24 12:16:28 PDT 2015","Sat Oct 24 20:16:28 PDT 2015","2015-10-25 03:18:10 UTC","","","25","100% (2/2)","100% (2/2)","100% (2/2)","Monoton, cursive","0","0|1","0","0","0","0","0|1","0","0","0","0","0","0"
"39AYGO6AFFLWMP87UZDPTHO6IAWN62","3CUQ44BBWQA1FDUH4JBNIRC58R8Q6P","Describe fonts","Describe a font in words","quick,fun","$0.01","Fri Oct 23 09:09:51 PDT 2015","200","BatchId:2133982;","300","28800","Fri Oct 30 09:09:51 PDT 2015","","","3LOTDFNYA70LFW8PDVCI8Q9ULFQFWO","A13FEFBGV1ER31","Approved","Sat Oct 24 13:13:37 PDT 2015","Sat Oct 24 13:13:59 PDT 2015","Sat Oct 24 21:13:59 PDT 2015","2015-10-25 04:18:07 UTC","","","22","100% (2/2)","100% (2/2)","100% (2/2)","Merriweather, serif","0","0","0","0","0|1","0","0","0","0","0","0","0","0"
"39AYGO6AFFLWMP87UZDPTHO6IAWN62","3CUQ44BBWQA1FDUH4JBNIRC58R8Q6P","Describe fonts","Describe a font in words","quick,fun","$0.01","Fri Oct 23 09:09:51 PDT 2015","200","BatchId:2133982;","300","28800","Fri Oct 30 09:09:51 PDT 2015","","","3LUY3GC63Z1IGUWIJQ0BS4OHUUVP7Q","A1FAE7DKA544XV","Approved","Sat Oct 24 10:39:38 PDT 2015","Sat Oct 24 10:40:00 PDT 2015","Sat Oct 24 18:40:00 PDT 2015","2015-10-25 01:43:08 UTC","","","22","100% (1/1)","100% (1/1)","100% (1/1)","Merriweather, serif","0","0","0|1","0|1","0","0","0","0","0","0","0","0","0"
"39AYGO6AFFLWMP87UZDPTHO6IAWN62","3CUQ44BBWQA1FDUH4JBNIRC58R8Q6P","Describe fonts","Describe a font in words","quick,fun","$0.01","Fri Oct 23 09:09:51 PDT 2015","200","BatchId:2133982;","300","28800","Fri Oct 30 09:09:51 PDT 2015","","","3M0NZ3JDP1ZX7UK5I6JGLICZDND5ZI","A3DGEXYR1KA4BJ","Approved","Sat Oct 24 11:46:50 PDT 2015","Sat Oct 24 11:47:05 PDT 2015","Sat Oct 24 19:47:05 PDT 2015","2015-10-25 02:48:07 UTC","","","15","100% (1/1)","100% (1/1)","100% (1/1)","Inconsolata,","0","0","0|1","0","0","0","0","0","0","0","0","0","0"
"39AYGO6AFFLWMP87UZDPTHO6IAWN62","3CUQ44BBWQA1FDUH4JBNIRC58R8Q6P","Describe fonts","Describe a font in words","quick,fun","$0.01","Fri Oct 23 09:09:51 PDT 2015","200","BatchId:2133982;","300","28800","Fri Oct 30 09:09:51 PDT 2015","","","3MD9PLUKKIF1XJQBM6F2FZCL474NZF","A2M64NC4FBWOIW","Approved","Fri Oct 23 18:23:49 PDT 2015","Fri Oct 23 18:24:04 PDT 2015","Sat Oct 24 02:24:04 PDT 2015","2015-10-24 09:28:11 UTC","","","15","100% (2/2)","100% (2/2)","100% (2/2)","Lobster, cursive","0","0","0","0","0","0","0","0","0|1","0","0","0|1","0|1"
"39AYGO6AFFLWMP87UZDPTHO6IAWN62","3CUQ44BBWQA1FDUH4JBNIRC58R8Q6P","Describe fonts","Describe a font in words","quick,fun","$0.01","Fri Oct 23 09:09:51 PDT 2015","200","BatchId:2133982;","300","28800","Fri Oct 30 09:09:51 PDT 2015","","","3MRNMEIQW5786IIUIBAQBFPTBVMDLY","A12JHIOJZO0VEG","Approved","Sat Oct 24 18:17:51 PDT 2015","Sat Oct 24 18:18:10 PDT 2015","Sun Oct 25 02:18:10 PDT 2015","2015-10-25 09:23:07 UTC","","","19","100% (2/2)","100% (2/2)","100% (2/2)","Inconsolata,","0|1","0","0|1","0","0","0","0","0","0","0","0|1","0","0"
"39AYGO6AFFLWMP87UZDPTHO6IAWN62","3CUQ44BBWQA1FDUH4JBNIRC58R8Q6P","Describe fonts","Describe a font in words","quick,fun","$0.01","Fri Oct 23 09:09:51 PDT 2015","200","BatchId:2133982;","300","28800","Fri Oct 30 09:09:51 PDT 2015","","","3MTMREQS4VJQJ5RH2FQQUPY3O00WAH","A3UC4JITM1QD1M","Approved","Sat Oct 24 21:25:22 PDT 2015","Sat Oct 24 21:25:32 PDT 2015","Sun Oct 25 05:25:32 PDT 2015","2015-10-25 12:28:08 UTC","","","10","100% (3/3)","100% (3/3)","100% (3/3)","Open Sans, san serif","0","0","0","0|1","0","0","0","0","0","0","0|1","0|1","0"
"39AYGO6AFFLWMP87UZDPTHO6IAWN62","3CUQ44BBWQA1FDUH4JBNIRC58R8Q6P","Describe fonts","Describe a font in words","quick,fun","$0.01","Fri Oct 23 09:09:51 PDT 2015","200","BatchId:2133982;","300","28800","Fri Oct 30 09:09:51 PDT 2015","","","3NLZY2D53PQ2VRMZNXGABEWSUAZLQZ","A3FJAHEU9HF2P4","Approved","Sat Oct 24 14:10:32 PDT 2015","Sat Oct 24 14:11:07 PDT 2015","Sat Oct 24 22:11:07 PDT 2015","2015-10-25 05:13:16 UTC","","","35","100% (1/1)","100% (1/1)","100% (1/1)","Monoton, cursive","0","0|1","0","0","0","0","0|1","0","0","0|1","0","0","0"
"39AYGO6AFFLWMP87UZDPTHO6IAWN62","3CUQ44BBWQA1FDUH4JBNIRC58R8Q6P","Describe fonts","Describe a font in words","quick,fun","$0.01","Fri Oct 23 09:09:51 PDT 2015","200","BatchId:2133982;","300","28800","Fri Oct 30 09:09:51 PDT 2015","","","3NQL1CS15R9E0YPFSBZAB9XWKIQYV8","AEKD23PMVBME1","Submitted","Sun Oct 25 08:31:55 PDT 2015","Sun Oct 25 08:32:36 PDT 2015","Sun Oct 25 16:32:36 PDT 2015","","","","41","0% (0/0)","0% (0/0)","0% (0/0)","Pacifico, cursive","0","0","0","0","0","0","0","0","0","0|1","0","0","0"
"39AYGO6AFFLWMP87UZDPTHO6IAWN62","3CUQ44BBWQA1FDUH4JBNIRC58R8Q6P","Describe fonts","Describe a font in words","quick,fun","$0.01","Fri Oct 23 09:09:51 PDT 2015","200","BatchId:2133982;","300","28800","Fri Oct 30 09:09:51 PDT 2015","","","3NS0A6KXC49VNR9PZ227PF3O3VSZGT","A8TQSHYC5OOY4","Approved","Fri Oct 23 21:42:14 PDT 2015","Fri Oct 23 21:43:32 PDT 2015","Sat Oct 24 05:43:32 PDT 2015","2015-10-24 12:48:07 UTC","","","78","100% (1/1)","100% (1/1)","100% (1/1)","Waiting for the Sunrise, cursive","0|1","0","0","0|1","0","0","0","0","0","0","0|1","0","0"
"39AYGO6AFFLWMP87UZDPTHO6IAWN62","3CUQ44BBWQA1FDUH4JBNIRC58R8Q6P","Describe fonts","Describe a font in words","quick,fun","$0.01","Fri Oct 23 09:09:51 PDT 2015","200","BatchId:2133982;","300","28800","Fri Oct 30 09:09:51 PDT 2015","","","3OLQQLKKNSQ73Y8UBL9X1IUM7H3EJ9","A1JX3XNAY1O353","Approved","Fri Oct 23 23:22:47 PDT 2015","Fri Oct 23 23:23:00 PDT 2015","Sat Oct 24 07:23:00 PDT 2015","2015-10-24 14:23:07 UTC","","","13","100% (2/2)","100% (2/2)","100% (2/2)","Inconsolata,","0","0","0","0","0|1","0","0","0","0","0","0","0","0"
"39AYGO6AFFLWMP87UZDPTHO6IAWN62","3CUQ44BBWQA1FDUH4JBNIRC58R8Q6P","Describe fonts","Describe a font in words","quick,fun","$0.01","Fri Oct 23 09:09:51 PDT 2015","200","BatchId:2133982;","300","28800","Fri Oct 30 09:09:51 PDT 2015","","","3OSWBBLG1EY36CZJWUDEM9KGI50XDA","A1HTZXAZH6BFL4","Approved","Sat Oct 24 20:33:55 PDT 2015","Sat Oct 24 20:34:10 PDT 2015","Sun Oct 25 04:34:10 PDT 2015","2015-10-25 11:38:08 UTC","","","15","100% (1/1)","100% (1/1)","100% (1/1)","Lobster, cursive","0","0","0","0|1","0","0|1","0","0","0","0","0","0","0"
"39AYGO6AFFLWMP87UZDPTHO6IAWN62","3CUQ44BBWQA1FDUH4JBNIRC58R8Q6P","Describe fonts","Describe a font in words","quick,fun","$0.01","Fri Oct 23 09:09:51 PDT 2015","200","BatchId:2133982;","300","28800","Fri Oct 30 09:09:51 PDT 2015","","","3OWEPKL089DID9K53BNJOFJMUG77NR","A1Y8MOE9J7CMPQ","Submitted","Sun Oct 25 05:46:40 PDT 2015","Sun Oct 25 05:47:24 PDT 2015","Sun Oct 25 13:47:24 PDT 2015","","","","44","0% (0/0)","0% (0/0)","0% (0/0)","Merriweather, serif","0","0","0","0|1","0","0","0","0","0","0","0","0","0"
"39AYGO6AFFLWMP87UZDPTHO6IAWN62","3CUQ44BBWQA1FDUH4JBNIRC58R8Q6P","Describe fonts","Describe a font in words","quick,fun","$0.01","Fri Oct 23 09:09:51 PDT 2015","200","BatchId:2133982;","300","28800","Fri Oct 30 09:09:51 PDT 2015","","","3R3YRB5GRF4DR12C7FBPC1D63HAAUB","A1IHKUDBWZ9FGA","Approved","Fri Oct 23 12:49:09 PDT 2015","Fri Oct 23 12:49:19 PDT 2015","Fri Oct 23 20:49:19 PDT 2015","2015-10-24 03:53:09 UTC","","","10","100% (3/3)","100% (3/3)","100% (3/3)","Roboto, san serif","0","0","0","0","0","0","0","0","0","0|1","0","0","0"
"39AYGO6AFFLWMP87UZDPTHO6IAWN62","3CUQ44BBWQA1FDUH4JBNIRC58R8Q6P","Describe fonts","Describe a font in words","quick,fun","$0.01","Fri Oct 23 09:09:51 PDT 2015","200","BatchId:2133982;","300","28800","Fri Oct 30 09:09:51 PDT 2015","","","3RGU30DZTA95FM07SJXGEQZVGJHMJT","A3GTYBSV2FOX8G","Approved","Fri Oct 23 18:37:41 PDT 2015","Fri Oct 23 18:37:57 PDT 2015","Sat Oct 24 02:37:57 PDT 2015","2015-10-24 09:38:07 UTC","","","16","100% (3/3)","100% (3/3)","100% (3/3)","Tangerine, cursive","0","0","0","0","0","0","0","0","0","0","0|1","0","0"
"39AYGO6AFFLWMP87UZDPTHO6IAWN62","3CUQ44BBWQA1FDUH4JBNIRC58R8Q6P","Describe fonts","Describe a font in words","quick,fun","$0.01","Fri Oct 23 09:09:51 PDT 2015","200","BatchId:2133982;","300","28800","Fri Oct 30 09:09:51 PDT 2015","","","3RKNTXVS3MZEA38XS9K7ZXFC46V4AV","ARDHP17N58UH","Approved","Sat Oct 24 18:56:45 PDT 2015","Sat Oct 24 18:58:02 PDT 2015","Sun Oct 25 02:58:02 PDT 2015","2015-10-25 09:58:08 UTC","","","77","100% (1/1)","100% (1/1)","100% (1/1)","Roboto, san serif","0","0|1","0","0|1","0|1","0","0","0","0","0","0","0","0"
"39AYGO6AFFLWMP87UZDPTHO6IAWN62","3CUQ44BBWQA1FDUH4JBNIRC58R8Q6P","Describe fonts","Describe a font in words","quick,fun","$0.01","Fri Oct 23 09:09:51 PDT 2015","200","BatchId:2133982;","300","28800","Fri Oct 30 09:09:51 PDT 2015","","","3RUIQRXJBBPR4U6MVS8EUSXYK4ILLG","A2KXDZ6TV71HJ7","Approved","Sat Oct 24 15:47:47 PDT 2015","Sat Oct 24 15:48:03 PDT 2015","Sat Oct 24 23:48:03 PDT 2015","2015-10-25 06:48:07 UTC","","","16","100% (1/1)","100% (1/1)","100% (1/1)","Lobster, cursive","0","0|1","0","0","0","0","0|1","0|1","0","0","0","0","0|1"
"39AYGO6AFFLWMP87UZDPTHO6IAWN62","3CUQ44BBWQA1FDUH4JBNIRC58R8Q6P","Describe fonts","Describe a font in words","quick,fun","$0.01","Fri Oct 23 09:09:51 PDT 2015","200","BatchId:2133982;","300","28800","Fri Oct 30 09:09:51 PDT 2015","","","3S96KQ6I9M5WPVQZRKCHX6ZA58NDTG","A142UVY0NHR97M","Approved","Sat Oct 24 11:33:43 PDT 2015","Sat Oct 24 11:34:12 PDT 2015","Sat Oct 24 19:34:12 PDT 2015","2015-10-25 02:38:07 UTC","","","29","100% (2/2)","100% (2/2)","100% (2/2)","Tangerine, cursive","0","0","0","0","0","0","0","0","0","0","0","0","0|1"
"39AYGO6AFFLWMP87UZDPTHO6IAWN62","3CUQ44BBWQA1FDUH4JBNIRC58R8Q6P","Describe fonts","Describe a font in words","quick,fun","$0.01","Fri Oct 23 09:09:51 PDT 2015","200","BatchId:2133982;","300","28800","Fri Oct 30 09:09:51 PDT 2015","","","3T3IWE1XG6OQE4U4W6I1X569OMMTQ9","A1NZFJHVJ9CNTO","Approved","Sat Oct 24 03:29:21 PDT 2015","Sat Oct 24 03:29:30 PDT 2015","Sat Oct 24 11:29:30 PDT 2015","2015-10-24 18:33:07 UTC","","","9","100% (1/1)","100% (1/1)","100% (1/1)","Merriweather, serif","0","0","0","0","0","0","0|1","0","0","0","0","0","0"
"39AYGO6AFFLWMP87UZDPTHO6IAWN62","3CUQ44BBWQA1FDUH4JBNIRC58R8Q6P","Describe fonts","Describe a font in words","quick,fun","$0.01","Fri Oct 23 09:09:51 PDT 2015","200","BatchId:2133982;","300","28800","Fri Oct 30 09:09:51 PDT 2015","","","3U088ZLJVKUUISTZADTX5JMQFCPW0N","A2TRF6YV7DXOEE","Approved","Fri Oct 23 18:23:00 PDT 2015","Fri Oct 23 18:23:33 PDT 2015","Sat Oct 24 02:23:33 PDT 2015","2015-10-24 09:28:11 UTC","","","33","100% (5/5)","100% (5/5)","100% (5/5)","Waiting for the Sunrise, cursive","0","0","0","0","0|1","0|1","0","0","0","0|1","0|1","0","0"
"39AYGO6AFFLWMP87UZDPTHO6IAWN62","3CUQ44BBWQA1FDUH4JBNIRC58R8Q6P","Describe fonts","Describe a font in words","quick,fun","$0.01","Fri Oct 23 09:09:51 PDT 2015","200","BatchId:2133982;","300","28800","Fri Oct 30 09:09:51 PDT 2015","","","3U84XHCDICEFBBG54106GQ6LDRNZ4C","A3RX95ZHQ4G7WC","Approved","Sat Oct 24 13:48:38 PDT 2015","Sat Oct 24 13:49:00 PDT 2015","Sat Oct 24 21:49:00 PDT 2015","2015-10-25 04:53:10 UTC","","","22","100% (2/2)","100% (2/2)","100% (2/2)","Tangerine, cursive","0","0","0|1","0|1","0","0","0","0|1","0","0","0","0","0"
"39AYGO6AFFLWMP87UZDPTHO6IAWN62","3CUQ44BBWQA1FDUH4JBNIRC58R8Q6P","Describe fonts","Describe a font in words","quick,fun","$0.01","Fri Oct 23 09:09:51 PDT 2015","200","BatchId:2133982;","300","28800","Fri Oct 30 09:09:51 PDT 2015","","","3UOUJI6MTDFPNEA5IP33W9O444EUXY","A36Z8CFS1AZ1TT","Approved","Sat Oct 24 14:04:13 PDT 2015","Sat Oct 24 14:04:46 PDT 2015","Sat Oct 24 22:04:46 PDT 2015","2015-10-25 05:08:12 UTC","","","33","100% (1/1)","100% (1/1)","100% (1/1)","Inconsolata,","0|1","0","0","0|1","0|1","0","0","0","0","0","0|1","0","0"
"39AYGO6AFFLWMP87UZDPTHO6IAWN62","3CUQ44BBWQA1FDUH4JBNIRC58R8Q6P","Describe fonts","Describe a font in words","quick,fun","$0.01","Fri Oct 23 09:09:51 PDT 2015","200","BatchId:2133982;","300","28800","Fri Oct 30 09:09:51 PDT 2015","","","3VBEN272MK0YMFNB4A8ZTM6LGGHSG6","A33VCOSG7H0MCV","Approved","Fri Oct 23 18:14:25 PDT 2015","Fri Oct 23 18:14:51 PDT 2015","Sat Oct 24 02:14:51 PDT 2015","2015-10-24 09:18:09 UTC","","","26","100% (2/2)","100% (2/2)","100% (2/2)","Pacifico, cursive","0","0","0","0","0","0","0","0","0","0","0|1","0|1","0"
"39AYGO6AFFLWMP87UZDPTHO6IAWN62","3CUQ44BBWQA1FDUH4JBNIRC58R8Q6P","Describe fonts","Describe a font in words","quick,fun","$0.01","Fri Oct 23 09:09:51 PDT 2015","200","BatchId:2133982;","300","28800","Fri Oct 30 09:09:51 PDT 2015","","","3VBEN272MK0YMFNB4A8ZTM6LGI0GSH","A1CB3C5B5S9I1F","Submitted","Sun Oct 25 06:23:46 PDT 2015","Sun Oct 25 06:24:10 PDT 2015","Sun Oct 25 14:24:10 PDT 2015","","","","24","0% (0/0)","0% (0/0)","0% (0/0)","Roboto, san serif","0","0","0|1","0|1","0","0","0","0","0","0","0","0","0"
"39AYGO6AFFLWMP87UZDPTHO6IAWN62","3CUQ44BBWQA1FDUH4JBNIRC58R8Q6P","Describe fonts","Describe a font in words","quick,fun","$0.01","Fri Oct 23 09:09:51 PDT 2015","200","BatchId:2133982;","300","28800","Fri Oct 30 09:09:51 PDT 2015","","","3VFJCI1K4Z0ML0NYPL8U3C1PUEWRGF","A8KDSIY4KBYR4","Approved","Fri Oct 23 17:20:41 PDT 2015","Fri Oct 23 17:21:15 PDT 2015","Sat Oct 24 01:21:15 PDT 2015","2015-10-24 08:23:07 UTC","","","34","100% (3/3)","100% (3/3)","100% (3/3)","Old Standard TT, serif","0|1","0","0","0|1","0","0","0|1","0","0","0|1","0|1","0|1","0"
"39AYGO6AFFLWMP87UZDPTHO6IAWN62","3CUQ44BBWQA1FDUH4JBNIRC58R8Q6P","Describe fonts","Describe a font in words","quick,fun","$0.01","Fri Oct 23 09:09:51 PDT 2015","200","BatchId:2133982;","300","28800","Fri Oct 30 09:09:51 PDT 2015","","","3VP0C6EFSGXTRRL0803R5MUQUD86MI","A3AVHB97OBV6R2","Approved","Fri Oct 23 22:15:29 PDT 2015","Fri Oct 23 22:15:52 PDT 2015","Sat Oct 24 06:15:52 PDT 2015","2015-10-24 13:18:07 UTC","","","23","100% (1/1)","100% (1/1)","100% (1/1)","Lato, san serif","0|1","0","0","0|1","0","0","0","0","0","0|1","0|1","0","0"
"39AYGO6AFFLWMP87UZDPTHO6IAWN62","3CUQ44BBWQA1FDUH4JBNIRC58R8Q6P","Describe fonts","Describe a font in words","quick,fun","$0.01","Fri Oct 23 09:09:51 PDT 2015","200","BatchId:2133982;","300","28800","Fri Oct 30 09:09:51 PDT 2015","","","3W2LOLRXLBGRNMJHFCT914TI1UARKD","ABHUNRU5IBSO5","Approved","Fri Oct 23 15:52:00 PDT 2015","Fri Oct 23 15:52:40 PDT 2015","Fri Oct 23 23:52:40 PDT 2015","2015-10-24 06:53:07 UTC","","","40","100% (1/1)","100% (1/1)","100% (1/1)","Monoton, cursive","0","0","0","0","0","0","0|1","0","0","0","0","0","0"
"39AYGO6AFFLWMP87UZDPTHO6IAWN62","3CUQ44BBWQA1FDUH4JBNIRC58R8Q6P","Describe fonts","Describe a font in words","quick,fun","$0.01","Fri Oct 23 09:09:51 PDT 2015","200","BatchId:2133982;","300","28800","Fri Oct 30 09:09:51 PDT 2015","","","3WRFBPLXRAP0CQJI1ZKTBY76PC0N3D","A2WQSE884OGFN0","Approved","Sat Oct 24 08:07:21 PDT 2015","Sat Oct 24 08:07:36 PDT 2015","Sat Oct 24 16:07:36 PDT 2015","2015-10-24 23:08:07 UTC","","","15","100% (1/1)","100% (1/1)","100% (1/1)","Waiting for the Sunrise, cursive","0","0","0","0","0","0","0","0|1","0","0","0","0","0"
"39AYGO6AFFLWMP87UZDPTHO6IAWN62","3CUQ44BBWQA1FDUH4JBNIRC58R8Q6P","Describe fonts","Describe a font in words","quick,fun","$0.01","Fri Oct 23 09:09:51 PDT 2015","200","BatchId:2133982;","300","28800","Fri Oct 30 09:09:51 PDT 2015","","","3X3OR7WPZZ1WPNM313ZAPNBS03W8LS","A29J27WDSO3RC2","Approved","Fri Oct 23 17:58:26 PDT 2015","Fri Oct 23 17:58:53 PDT 2015","Sat Oct 24 01:58:53 PDT 2015","2015-10-24 09:03:08 UTC","","","27","100% (1/1)","100% (1/1)","100% (1/1)","Lato, san serif","0|1","0","0","0|1","0","0","0","0","0","0","0","0","0"
"39AYGO6AFFLWMP87UZDPTHO6IAWN62","3CUQ44BBWQA1FDUH4JBNIRC58R8Q6P","Describe fonts","Describe a font in words","quick,fun","$0.01","Fri Oct 23 09:09:51 PDT 2015","200","BatchId:2133982;","300","28800","Fri Oct 30 09:09:51 PDT 2015","","","3YDGXNSEOZV0RFFIVB0T369HEJS48Q","A1V2TCI23BJQ0C","Submitted","Sun Oct 25 08:51:38 PDT 2015","Sun Oct 25 08:52:04 PDT 2015","Sun Oct 25 16:52:04 PDT 2015","","","","26","0% (0/0)","0% (0/0)","0% (0/0)","Waiting for the Sunrise, cursive","0|1","0","0","0","0|1","0","0","0","0","0","0|1","0","0"
"39AYGO6AFFLWMP87UZDPTHO6IAWN62","3CUQ44BBWQA1FDUH4JBNIRC58R8Q6P","Describe fonts","Describe a font in words","quick,fun","$0.01","Fri Oct 23 09:09:51 PDT 2015","200","BatchId:2133982;","300","28800","Fri Oct 30 09:09:51 PDT 2015","","","3Z2R0DQ0JHF7X2AM4035218555O2EF","A2YHL5J6NXE9W3","Approved","Fri Oct 23 12:45:19 PDT 2015","Fri Oct 23 12:45:36 PDT 2015","Fri Oct 23 20:45:36 PDT 2015","2015-10-24 03:48:07 UTC","","","17","100% (2/2)","100% (2/2)","100% (2/2)","Open Sans, san serif","0|1","0","0|1","0|1","0","0","0","0","0","0|1","0","0","0"
"39AYGO6AFFLWMP87UZDPTHO6IAWN62","3CUQ44BBWQA1FDUH4JBNIRC58R8Q6P","Describe fonts","Describe a font in words","quick,fun","$0.01","Fri Oct 23 09:09:51 PDT 2015","200","BatchId:2133982;","300","28800","Fri Oct 30 09:09:51 PDT 2015","","","3Z2R0DQ0JHF7X2AM4035218557BE2I","ARUPMD1MWU7WC","Approved","Sat Oct 24 11:02:51 PDT 2015","Sat Oct 24 11:02:57 PDT 2015","Sat Oct 24 19:02:57 PDT 2015","2015-10-25 02:03:08 UTC","","","6","100% (1/1)","100% (1/1)","100% (1/1)","Lato, san serif","0","0","0","0|1","0","0","0","0","0","0","0","0","0"
"39AYGO6AFFLWMP87UZDPTHO6IAWN62","3CUQ44BBWQA1FDUH4JBNIRC58R8Q6P","Describe fonts","Describe a font in words","quick,fun","$0.01","Fri Oct 23 09:09:51 PDT 2015","200","BatchId:2133982;","300","28800","Fri Oct 30 09:09:51 PDT 2015","","","3Z4AIRP3C6E9EHJ7G1TJL7J7T7PX1A","AAWMZ1HKXEFNY","Approved","Sat Oct 24 16:38:45 PDT 2015","Sat Oct 24 16:39:41 PDT 2015","Sun Oct 25 00:39:41 PDT 2015","2015-10-25 07:43:07 UTC","","","56","100% (2/2)","100% (2/2)","100% (2/2)","Merriweather, serif","0","0","0","0|1","0","0","0","0","0","0|1","0","0","0"
"39AYGO6AFFLWMP87UZDPTHO6IAWN62","3CUQ44BBWQA1FDUH4JBNIRC58R8Q6P","Describe fonts","Describe a font in words","quick,fun","$0.01","Fri Oct 23 09:09:51 PDT 2015","200","BatchId:2133982;","300","28800","Fri Oct 30 09:09:51 PDT 2015","","","3Z7ISHFUH0WGUC37G4QJX2MQFBX8Z2","A39GY40X8JQWQJ","Approved","Fri Oct 23 15:02:32 PDT 2015","Fri Oct 23 15:03:05 PDT 2015","Fri Oct 23 23:03:05 PDT 2015","2015-10-24 06:03:08 UTC","","","33","100% (1/1)","100% (1/1)","100% (1/1)","Inconsolata,","0","0","0|1","0|1","0","0","0","0","0","0","0","0","0"
"39AYGO6AFFLWMP87UZDPTHO6IAWN62","3CUQ44BBWQA1FDUH4JBNIRC58R8Q6P","Describe fonts","Describe a font in words","quick,fun","$0.01","Fri Oct 23 09:09:51 PDT 2015","200","BatchId:2133982;","300","28800","Fri Oct 30 09:09:51 PDT 2015","","","3ZDAD0O1T1EAN1VGIKDTRD22LPUXTV","A39PGPK8UUVKJ7","Approved","Fri Oct 23 19:51:04 PDT 2015","Fri Oct 23 19:51:21 PDT 2015","Sat Oct 24 03:51:21 PDT 2015","2015-10-24 10:53:07 UTC","","","17","100% (1/1)","100% (1/1)","100% (1/1)","Open Sans, san serif","0","0","0","0|1","0","0","0|1","0","0","0","0","0","0"
"39AYGO6AFFLWMP87UZDPTHO6IAWN62","3CUQ44BBWQA1FDUH4JBNIRC58R8Q6P","Describe fonts","Describe a font in words","quick,fun","$0.01","Fri Oct 23 09:09:51 PDT 2015","200","BatchId:2133982;","300","28800","Fri Oct 30 09:09:51 PDT 2015","","","3ZOTGHDK5ICMES49STL7YVFN704OSH","A2PAP6WAU1OLNH","Approved","Fri Oct 23 09:18:10 PDT 2015","Fri Oct 23 09:18:26 PDT 2015","Fri Oct 23 17:18:26 PDT 2015","2015-10-24 00:23:11 UTC","","","16","100% (4/4)","100% (4/4)","100% (3/3)","Lobster, cursive","0","0","0","0","0|1","0","0","0","0","0","0","0","0"
"39AYGO6AFFLWMP87UZDPTHO6IAWN62","3CUQ44BBWQA1FDUH4JBNIRC58R8Q6P","Describe fonts","Describe a font in words","quick,fun","$0.01","Fri Oct 23 09:09:51 PDT 2015","200","BatchId:2133982;","300","28800","Fri Oct 30 09:09:51 PDT 2015","","","3ZWFC4W1UU8G70R3E12CLR1DTXURFA","AND0RX0SNDMR6","Approved","Fri Oct 23 09:18:05 PDT 2015","Fri Oct 23 09:18:27 PDT 2015","Fri Oct 23 17:18:27 PDT 2015","2015-10-24 00:23:11 UTC","","","22","100% (1/1)","100% (1/1)","100% (1/1)","Inconsolata,","0","0","0","0","0","0","0","0","0","0|1","0","0","0"